[
    {
        "name": "Damaysah",
        "phone": "081000",
        "email": "damsah@gmail.com",
        "image": "https://cdn-icons-png.flaticon.com/512/2086/2086472.png"
    },
    {
        "name": "Saya",
        "phone": "12345",
        "email": "saya@gmail.com",
        "image": "https://cdn-icons-png.flaticon.com/512/2026/2026502.png"
    },
    {
        "name": "Aloo",
        "phone": "98765",
        "email": "aloo@gmail.com",
        "image": "https://cdn-icons-png.flaticon.com/512/2026/2026506.png"
    },
    {
        "name": "Ngab",
        "phone": "4537648",
        "email": "ngab@gmail.com",
        "image": "https://cdn-icons-png.flaticon.com/512/2026/2026500.png"
    }
]